,City,Cloudiness,Country,Date,Humidity,Latitude,Longitude,Max Temp,Wind Speed
0,evensk,12,RU,1577487799,60,61.92,159.24,0.81,12.91
1,rikitea,90,PF,1577487809,86,-23.12,-134.97,77.47,13.69
2,posse,100,BR,1577487819,77,-14.08,-46.36,73.49,2.91
3,ushuaia,75,AR,1577487684,44,-54.81,-68.31,59.0,14.99
4,tuatapere,49,NZ,1577487839,74,-46.13,167.69,53.01,18.99
5,tuktoyaktuk,75,CA,1577487849,73,69.44,-133.03,-29.2,11.41
6,vostok,4,RU,1577487859,88,46.45,135.83,-11.0,2.28
7,yellowknife,90,CA,1577487870,83,62.45,-114.38,-4.0,13.87
8,jamestown,100,AU,1577487880,21,-33.21,138.6,88.29,14.83
9,eyl,39,SO,1577487725,70,7.98,49.82,79.2,17.25
10,gorom-gorom,0,BF,1577487900,14,14.45,-0.24,66.99,8.59
11,atuona,98,PF,1577487910,72,-9.8,-139.03,81.48,18.12
12,westport,90,US,1577487920,81,41.14,-73.36,52.0,6.93
13,qaanaaq,0,GL,1577487930,52,77.48,-69.36,-6.03,6.67
14,vaini,64,IN,1577487940,86,15.34,74.49,67.57,3.27
15,cape town,0,ZA,1577487924,67,-33.93,18.42,63.0,6.93
16,the valley,75,AI,1577487796,88,18.22,-63.06,78.8,3.36
17,thompson,90,CA,1577487970,92,55.74,-97.86,15.8,4.7
18,monywa,0,MM,1577487980,93,22.12,95.13,59.7,5.26
19,majengo,100,KE,1577487990,83,0.05,34.72,67.21,1.63
20,punta arenas,75,CL,1577488001,71,-53.16,-70.91,53.6,10.29
21,kavieng,86,PG,1577488011,74,-2.57,150.8,81.01,6.33
22,coihaique,40,CL,1577488021,47,-45.58,-72.07,57.2,12.75
23,katsuura,20,JP,1577488031,86,33.93,134.5,37.4,8.05
24,batemans bay,21,AU,1577488041,73,-35.71,150.18,75.0,5.01
25,tateyama,75,JP,1577488052,82,36.66,137.31,37.0,1.12
26,hithadhoo,97,MV,1577488062,78,-0.6,73.08,82.89,13.15
27,marabba,4,SD,1577488072,14,12.35,32.18,63.12,11.5
28,blagoyevo,100,RU,1577488082,91,63.37,47.92,11.32,8.12
29,kapaa,40,US,1577488092,65,22.08,-159.32,82.4,16.11
30,dikson,100,RU,1577488102,96,73.51,80.55,-8.66,7.9
31,saint-philippe,75,CA,1577488113,93,45.36,-73.48,39.0,10.29
32,vila,0,IT,1577488123,75,45.18,8.4,39.99,3.36
33,valleyview,22,CA,1577488133,69,55.07,-117.28,27.34,11.77
34,richards bay,100,ZA,1577488143,69,-28.77,32.06,72.18,22.3
35,tiksi,100,RU,1577488153,88,71.64,128.87,-27.76,7.11
36,cidreira,11,BR,1577488163,90,-30.17,-50.22,74.03,27.2
37,hilo,40,US,1577488025,61,19.71,-155.08,82.4,5.82
38,masvingo,76,ZW,1577488183,92,-20.08,30.83,68.72,15.05
39,tura,98,RU,1577488193,92,64.27,100.22,-24.93,4.38
40,margate,50,AU,1577488203,37,-43.03,147.26,81.0,5.82
41,severo-kurilsk,100,RU,1577488213,91,50.68,156.12,25.95,5.03
42,bredasdorp,20,ZA,1577488223,67,-34.53,20.04,62.6,10.29
43,saskylakh,100,RU,1577488234,95,71.97,114.09,-29.4,6.71
44,dudinka,40,RU,1577488244,75,69.41,86.18,-20.2,11.18
45,makhinjauri,75,GE,1577488254,93,41.67,41.69,48.2,17.22
46,liberal,90,US,1577488264,100,37.04,-100.92,35.6,6.93
47,clyde river,90,CA,1577488274,84,70.47,-68.59,3.2,9.17
48,victoria,75,BN,1577488284,88,5.28,115.24,78.8,3.36
49,rumonge,94,BI,1577488294,85,-3.97,29.44,65.62,4.32
50,lorengau,86,PG,1577488304,75,-2.02,147.27,84.52,14.52
51,chuy,30,UY,1577488314,81,-33.69,-53.46,73.69,10.47
52,manyana,21,AU,1577488324,54,-35.26,150.51,78.8,6.93
53,kadnikov,99,RU,1577488335,84,59.5,40.34,22.82,9.37
54,nikolskoye,90,RU,1577488345,74,59.7,30.79,30.99,17.9
55,tarko-sale,100,RU,1577488355,85,64.92,77.78,1.99,20.27
56,nsanje,78,MZ,1577488365,74,-16.92,35.26,76.12,4.59
57,hobart,50,AU,1577488375,37,-42.88,147.33,81.0,5.82
58,avarua,11,CK,1577488385,65,-21.21,-159.78,80.6,16.11
59,butaritari,100,KI,1577488395,75,3.07,172.79,84.31,14.88
60,arraial do cabo,40,BR,1577488207,83,-22.97,-42.02,77.0,14.99
61,inhambane,20,MZ,1577488416,84,-23.87,35.38,79.27,25.08
62,medvezhyegorsk,86,RU,1577488426,84,62.92,34.47,21.42,9.57
63,albany,75,US,1577488436,75,42.65,-73.75,46.99,9.17
64,luderitz,0,NA,1577488446,55,-26.65,15.16,66.2,20.8
65,bluff,27,AU,1577488456,52,-23.58,149.07,82.31,17.81
66,salalah,75,OM,1577488466,64,17.01,54.1,73.4,25.28
67,iqaluit,75,CA,1577488476,70,63.75,-68.52,1.4,5.82
68,petropavlovsk-kamchatskiy,90,RU,1577488486,82,53.05,158.65,32.0,24.61
69,new norfolk,49,AU,1577488496,37,-42.78,147.06,81.0,5.82
70,kodiak,40,US,1577488507,74,39.95,-94.76,41.0,8.05
71,la ronge,40,CA,1577488346,85,55.1,-105.3,12.2,2.24
72,catuday,67,PH,1577488527,82,16.29,119.81,79.11,11.74
73,hermanus,0,ZA,1577488537,81,-34.42,19.24,60.01,5.99
74,busselton,0,AU,1577488547,45,-33.64,115.35,72.0,2.39
75,barrow,45,AR,1577488557,59,-38.31,-60.23,78.19,10.85
76,isangel,75,VU,1577488567,83,-19.55,169.27,82.4,14.99
77,bathsheba,40,BB,1577488577,74,13.22,-59.52,80.6,9.17
78,norman wells,90,CA,1577488587,68,65.28,-126.83,-18.4,9.17
79,uyemskiy,40,RU,1577488597,92,64.47,40.85,15.8,4.47
80,aklavik,90,CA,1577488607,68,68.22,-135.01,-20.2,3.36
81,guilin,75,CN,1577488435,76,25.28,110.29,50.0,2.24
82,souillac,90,FR,1577488628,100,45.6,-0.6,52.0,1.12
83,san cristobal,0,HN,1577488638,74,14.68,-86.92,66.97,3.42
84,vao,100,EE,1577488648,85,59.1,26.19,27.64,12.5
85,bandarbeyla,42,SO,1577488658,75,9.49,50.81,78.35,22.1
86,orthez,0,FR,1577488668,93,43.49,-0.77,46.99,5.82
87,ponta do sol,39,BR,1577488679,91,-20.63,-46.0,68.31,3.13
88,salme,20,NP,1577488689,100,28.04,85.09,35.6,3.36
89,mayo,90,CA,1577488699,69,63.59,-135.9,-11.2,2.24
90,along,8,IN,1577488709,87,28.17,94.8,40.96,4.7
91,lompoc,1,US,1577488719,66,34.64,-120.46,62.6,14.99
92,kilindoni,90,TZ,1577488729,84,-7.91,39.67,82.81,14.63
93,carnarvon,0,ZA,1577488739,45,-30.97,22.13,53.46,13.8
94,fare,95,PF,1577488749,77,-16.7,-151.02,80.01,21.21
95,port elizabeth,75,US,1577488759,76,39.31,-74.98,54.0,3.36
96,tezu,51,IN,1577488769,82,27.93,96.16,48.92,2.84
97,saint george,40,GR,1577488520,60,39.45,22.34,41.0,4.7
98,les cayes,24,HT,1577488789,78,18.19,-73.75,81.45,7.4
99,esperance,0,AU,1577488799,88,-33.86,121.89,64.4,6.93
100,nanortalik,100,GL,1577488809,55,60.14,-45.24,31.93,5.37
101,taganak,20,PH,1577488819,100,6.08,118.3,77.0,3.36
102,fortuna,20,US,1577488830,81,40.6,-124.16,55.99,11.41
103,launceston,80,AU,1577488840,60,-41.43,147.14,75.0,8.05
104,yumen,13,CN,1577488850,75,40.29,97.04,9.27,12.26
105,palanga,13,RO,1577488860,68,44.45,25.08,34.07,6.11
106,port-gentil,20,GA,1577488870,94,-0.72,8.78,80.6,3.36
107,honiara,20,SB,1577488880,62,-9.43,159.96,89.6,8.05
108,quelimane,100,MZ,1577488890,88,-17.88,36.89,82.4,4.7
109,kamsack,1,CA,1577488900,73,51.56,-101.9,19.4,8.05
110,airai,0,TL,1577488765,61,-8.93,125.41,80.22,0.96
111,kawalu,85,ID,1577488920,78,-7.38,108.21,74.21,1.79
112,provideniya,0,RU,1577488930,81,64.42,-173.23,-12.23,8.16
113,faanui,97,PF,1577488758,78,-16.48,-151.75,79.65,20.78
114,barranca,100,PE,1577488950,90,-10.75,-77.76,69.48,13.42
115,khatanga,95,RU,1577488960,97,71.98,102.47,-25.13,7.31
116,tiruchchendur,20,IN,1577488970,94,8.48,78.12,75.2,4.7
117,mikuni,75,JP,1577488980,69,36.22,136.15,39.2,3.36
118,karaton,40,ID,1577488990,88,-6.34,106.1,80.6,4.7
119,kushima,20,JP,1577489001,80,31.5,131.29,35.6,10.29
120,buala,27,SB,1577489011,69,-8.15,159.59,83.95,5.12
121,guerrero negro,12,MX,1577489021,59,27.97,-114.04,60.75,13.02
122,saint-pierre,90,FR,1577489031,100,48.95,4.24,45.0,4.7
123,yabelo,74,ET,1577489041,60,4.89,38.09,70.36,3.85
124,killybegs,100,IE,1577489052,93,54.63,-8.45,52.0,10.0
125,pisco,3,PE,1577488843,30,-13.71,-76.2,71.6,23.04
126,imbituba,20,BR,1577489072,83,-28.24,-48.67,77.0,8.05
127,charters towers,25,AU,1577489083,51,-20.07,146.27,84.52,12.19
128,san jose,20,HN,1577489028,50,14.25,-87.96,78.8,17.22
129,merrill,1,US,1577489103,64,42.03,-121.6,37.99,2.84
130,port alfred,89,ZA,1577489114,74,-33.59,26.89,64.99,3.0
131,tacoronte,0,ES,1577489124,36,28.48,-16.41,68.0,8.05
132,ilulissat,54,GL,1577489135,50,69.22,-51.1,6.8,2.24
133,ribeira grande,100,PT,1577489145,88,38.52,-28.7,59.09,13.94
134,orlik,75,PL,1577489156,86,53.95,17.74,33.8,14.99
135,quatre cocos,40,MU,1577489166,83,-20.21,57.76,79.0,12.75
136,thai binh,75,VN,1577489177,72,20.45,106.33,62.6,8.05
137,nogliki,37,RU,1577489187,85,51.8,143.14,-7.96,12.48
138,tasiilaq,100,GL,1577489198,86,65.61,-37.64,28.4,16.11
139,zhigansk,100,RU,1577489208,94,66.77,123.37,-25.51,10.96
140,georgetown,40,GY,1577489219,83,6.8,-58.16,82.4,9.17
141,lavrentiya,0,RU,1577489229,81,65.58,-170.99,-10.61,10.67
142,rudnogorsk,0,RU,1577489240,94,57.27,103.75,-34.2,0.67
143,ryotsu,75,JP,1577489250,61,38.08,138.43,37.4,3.36
144,maun,96,BW,1577489260,52,-19.99,23.42,80.8,1.34
145,codrington,90,AU,1577489270,61,-28.95,153.24,79.0,2.24
146,youkounkoun,0,GN,1577489280,27,12.53,-13.12,73.13,0.58
147,saint-joseph,0,FR,1577489291,93,43.56,6.97,51.01,3.36
148,grand gaube,40,MU,1577489301,83,-20.01,57.66,79.0,12.75
149,panzhihua,67,CN,1577489311,86,26.59,101.72,44.31,1.12
150,kaitangata,95,NZ,1577489321,58,-46.28,169.85,55.0,21.0
151,talcahuano,75,CL,1577489332,82,-36.72,-73.12,64.4,9.17
152,luba,96,PH,1577489342,83,17.32,120.7,75.6,2.95
153,chojnice,15,PL,1577489353,91,53.7,17.57,33.01,1.01
154,itarema,45,BR,1577489363,74,-2.92,-39.92,82.4,14.99
155,mahebourg,40,MU,1577489373,83,-20.41,57.7,79.0,12.75
156,castro,75,CL,1577489384,87,-42.48,-73.76,57.2,5.82
157,miracema do tocantins,100,BR,1577489394,86,-9.56,-48.4,78.55,1.3
158,yamada,75,JP,1577489404,72,36.58,137.08,39.99,4.7
159,santa cruz,31,BR,1577489415,87,-6.22,-36.02,71.94,6.64
160,lebane,75,RS,1577489425,93,42.92,21.74,35.6,2.24
161,krasnoyarskaya,100,RU,1577489435,83,47.65,42.04,38.35,1.66
162,klaksvik,2,FO,1577489446,87,62.23,-6.59,48.2,11.41
163,kysyl-syr,88,RU,1577489456,98,63.9,122.77,-38.63,1.52
164,fernandez,40,AR,1577489466,38,-51.64,-69.22,60.8,23.04
165,sampit,96,ID,1577489476,78,-2.54,112.95,80.38,1.59
166,laguna,63,BZ,1577489486,74,16.17,-88.94,78.8,2.44
167,broken hill,61,AU,1577489497,14,-31.97,141.45,96.8,19.46
168,teloloapan,0,MX,1577489507,59,18.37,-99.87,69.48,2.46
169,belyy yar,0,RU,1577489517,74,53.6,91.39,-27.4,4.47
170,khorixas,98,NA,1577489528,35,-20.37,14.96,76.37,5.21
171,puerto ayora,40,EC,1577489538,69,-0.74,-90.35,80.6,12.75
172,lufilufi,75,WS,1577489548,94,-13.87,-171.6,82.4,3.36
173,pasinler,90,TR,1577489558,92,39.98,41.67,26.6,2.24
174,ulladulla,21,AU,1577489569,51,-35.36,150.48,80.6,8.05
175,phayakkhaphum phisai,20,TH,1577489579,93,15.52,103.19,64.4,6.93
176,tomatlan,4,MX,1577489589,71,19.93,-105.25,76.32,3.24
177,uray,100,RU,1577489600,95,60.13,64.8,4.24,5.3
178,kholbon,100,RU,1577489610,98,51.9,116.25,-17.99,3.18
179,chunoyar,53,RU,1577489621,98,57.45,97.32,-28.17,2.57
180,tabou,0,CI,1577489631,85,4.42,-7.36,77.81,3.65
181,mataura,77,NZ,1577489642,68,-46.19,168.86,55.0,21.99
182,mahina,0,ML,1577489652,9,13.76,-10.85,73.56,5.7
183,erenhot,75,CN,1577489662,79,43.65,111.97,17.17,14.7
184,hofn,50,IS,1577489672,80,64.25,-15.21,46.67,39.75
185,vieques,40,PR,1577489683,74,18.43,-65.83,80.6,5.82
186,escanaba,1,US,1577489693,79,45.75,-87.06,30.2,5.82
187,mollendo,61,PE,1577489705,87,-17.03,-72.02,66.94,5.99
188,qujing,77,CN,1577489715,95,25.49,103.8,43.97,8.12
189,daitari,0,IN,1577489725,59,21.11,85.83,53.26,7.09
190,bambous virieux,40,MU,1577489735,83,-20.34,57.76,79.0,12.75
191,praia,1,BR,1577489746,47,-20.25,-43.81,78.8,8.05
192,altay,0,CN,1577489756,46,47.83,88.13,1.13,6.38
193,santa maria,99,BR,1577489548,61,-16.02,-48.01,78.8,9.17
194,los algarrobos,90,EC,1577489776,83,-3.25,-79.94,89.6,2.24
195,alice springs,0,AU,1577489787,30,-23.7,133.88,95.0,16.11
196,palana,64,RU,1577489797,76,59.08,159.95,7.12,7.36
197,oranjestad,40,AW,1577489807,83,12.52,-70.03,82.4,19.46
198,west bay,75,CA,1577489817,86,49.34,-123.21,43.0,6.93
199,hasaki,20,JP,1577489828,55,35.73,140.83,39.99,9.17
200,karratha,67,AU,1577489838,61,-20.74,116.85,89.89,4.52
201,mount gambier,83,AU,1577489800,44,-37.83,140.78,77.0,17.22
202,urk,90,NL,1577489859,93,52.67,5.6,37.0,9.17
203,biak,99,ID,1577489869,72,-0.91,122.88,82.74,3.74
204,rio grande,45,BR,1577489879,77,-32.03,-52.1,79.0,5.99
205,manacapuru,40,BR,1577489890,100,-3.3,-60.62,78.8,2.24
206,le passage,90,FR,1577489900,93,45.53,5.51,48.2,11.41
207,nyurba,87,RU,1577489910,97,63.29,118.35,-38.49,2.33
208,avera,90,US,1577489920,87,33.19,-82.53,64.4,3.36
209,road town,40,VG,1577489671,83,18.42,-64.62,79.0,6.93
210,kabinda,100,CD,1577489941,97,-6.14,24.49,67.89,5.77
211,darnah,38,LY,1577489952,59,32.77,22.64,60.42,19.17
212,bethel,1,US,1577489911,68,60.79,-161.76,-14.8,27.51
213,bata,98,GQ,1577489972,89,1.87,9.77,75.61,1.97
214,emerald,0,AU,1577489982,51,-23.53,148.16,81.0,8.05
215,papillion,75,US,1577489993,74,41.15,-96.04,39.2,3.36
216,banda aceh,16,ID,1577490003,89,5.56,95.32,71.64,5.1
217,bursa,75,TR,1577490013,93,40.18,29.07,35.6,3.36
218,upernavik,0,GL,1577490024,64,72.79,-56.15,-2.04,4.25
219,new smyrna beach,90,US,1577490034,87,29.03,-80.93,72.0,9.17
220,rio gallegos,40,AR,1577490045,38,-51.62,-69.22,60.8,23.04
221,mount isa,0,AU,1577490055,33,-20.73,139.49,91.4,13.87
222,gavle,73,SE,1577490065,78,60.67,17.14,26.01,4.0
223,hambantota,2,LK,1577490076,78,6.12,81.12,78.62,20.0
224,derzhavinsk,99,KZ,1577490086,88,51.1,66.31,23.13,14.88
225,namatanai,75,PG,1577490096,71,-3.66,152.44,81.79,5.77
226,talnakh,40,RU,1577490107,75,69.49,88.39,-18.4,11.18
227,mar del plata,67,AR,1577490117,30,-46.43,-67.52,68.09,29.59
228,vila franca do campo,75,PT,1577490128,88,37.72,-25.43,66.2,24.16
229,abu dhabi,0,AE,1577489908,82,24.47,54.37,60.8,2.24
230,serenje,100,ZM,1577490148,98,-13.23,30.22,65.3,2.15
231,kendari,99,ID,1577490158,78,-3.99,122.52,82.54,2.26
232,puerto suarez,75,BO,1577490169,59,-18.96,-57.8,91.4,3.47
233,camacupa,100,AO,1577490179,97,-12.02,17.48,64.63,4.47
234,havoysund,100,NO,1577490190,68,71.0,24.66,30.2,24.16
235,araouane,0,ML,1577490200,12,18.9,-3.53,66.29,9.44
236,zhurivka,90,UA,1577490210,96,50.5,31.77,32.0,6.71
237,omboue,73,GA,1577490221,93,-1.57,9.26,74.89,0.74
238,tricase,75,IT,1577490231,93,39.93,18.36,44.01,6.93
239,seoul,1,KR,1577490036,85,37.57,126.98,30.2,1.12
240,la libertad,75,PE,1577490146,59,-16.38,-71.56,62.6,8.05
241,phan thiet,0,VN,1577490262,77,10.93,108.1,68.34,1.77
242,dauriya,100,RU,1577490272,92,49.93,116.85,-12.89,7.49
243,lasa,75,CY,1577490283,76,34.92,32.53,51.8,10.29
244,kihei,40,US,1577490165,69,20.76,-156.45,82.4,18.34
245,guhagar,32,IN,1577490303,70,17.48,73.19,77.95,7.65
246,portland,1,US,1577489816,86,43.66,-70.25,44.01,4.7
247,oktyabrskoye,0,RU,1577490324,66,56.73,85.44,-23.01,2.24
248,aripuana,98,BR,1577490334,86,-9.17,-60.63,76.26,0.16
249,port hardy,90,CA,1577490345,93,50.7,-127.42,41.0,8.05
250,lunglei,12,IN,1577490356,99,22.89,92.75,48.65,2.39
251,snihurivka,100,UA,1577490366,99,47.07,32.8,39.0,6.31
252,knysna,9,ZA,1577490377,90,-34.04,23.05,54.45,5.06
253,arlit,56,NE,1577490387,21,18.74,7.39,65.93,17.2
254,kloulklubed,75,PW,1577490252,74,7.04,134.26,82.4,11.41
255,tazovskiy,100,RU,1577490407,96,67.47,78.7,-3.3,12.48
256,chapais,90,CA,1577490418,92,49.78,-74.86,26.6,18.34
257,zyryanskoye,0,RU,1577490428,97,56.83,86.62,-26.46,2.84
258,dzhebariki-khaya,6,RU,1577490438,85,62.22,135.8,-31.02,0.87
259,dabat,40,ET,1577490449,52,12.98,37.77,51.84,1.3
260,santa cruz del sur,19,CU,1577490459,64,20.71,-78.0,80.38,3.83
261,nushki,0,PK,1577490469,19,29.55,66.02,45.82,2.39
262,anuchino,4,RU,1577490480,72,43.97,133.06,-0.24,1.3
263,saldanha,1,PT,1577490490,67,41.42,-6.55,39.92,3.65
264,erice,20,IT,1577490500,71,38.04,12.59,57.99,5.82
265,bulgan,43,MN,1577490511,99,48.81,103.53,-7.71,1.74
266,bereda,5,ES,1577490521,100,43.27,-7.54,44.01,5.82
267,mitsamiouli,96,KM,1577490531,79,-11.38,43.28,82.81,8.5
268,oga,75,IT,1577490542,79,46.46,10.35,32.0,2.24
269,mbanza-ngungu,92,CD,1577490552,95,-5.25,14.87,69.15,1.68
270,khon buri,20,TH,1577490562,88,14.52,102.25,62.6,2.24
271,sur,0,OM,1577490572,65,22.57,59.53,67.24,4.61
272,boden,38,SE,1577490583,84,65.83,21.69,1.4,3.76
273,vung tau,0,VN,1577490593,82,10.35,107.08,71.35,3.29
274,tulum,20,MX,1577490603,73,20.21,-87.46,77.0,4.7
275,nouakchott,0,MR,1577490614,37,18.08,-15.98,69.8,11.41
276,jermuk,98,AM,1577490624,95,39.84,45.67,11.53,3.42
277,zhangjiakou,0,CN,1577490634,86,40.77,114.88,10.63,3.27
278,hay river,90,CA,1577490645,76,60.82,-115.79,-7.6,11.41
279,mersing,36,MY,1577490655,78,2.43,103.84,80.53,15.46
280,russell,90,US,1577490665,100,38.9,-98.86,37.4,9.17
281,cap malheureux,40,MU,1577490676,83,-19.98,57.61,79.0,12.75
282,oeiras do para,99,BR,1577490686,95,-2.0,-49.85,76.1,3.65
283,san luis,33,AR,1577490696,33,-33.3,-66.34,88.84,7.45
284,milkovo,90,BG,1577490707,52,41.53,24.68,44.01,16.11
285,alofi,40,NU,1577490717,51,-19.06,-169.92,84.2,11.41
286,dalianwan,0,CN,1577490727,86,39.03,121.69,30.2,2.24
287,ouesso,65,CG,1577490738,67,1.61,16.05,72.23,1.79
288,cleethorpes,100,GB,1577490748,100,53.56,-0.03,45.0,11.41
289,chimbote,100,PE,1577490759,79,-9.08,-78.59,69.48,8.77
290,berlevag,75,NO,1577490770,68,70.86,29.09,28.4,19.46
291,vestmannaeyjar,39,IS,1577490780,81,63.44,-20.27,46.47,27.18
292,kochi,40,IN,1577490741,94,9.96,76.25,77.0,2.13
293,saint-augustin,90,CA,1577490801,86,45.63,-73.98,37.4,14.99
294,namibe,100,AO,1577490812,78,-15.19,12.15,74.3,0.67
295,soyo,100,AO,1577490822,86,-6.13,12.37,79.03,1.81
296,pontianak,96,ID,1577490832,93,-0.02,109.34,76.39,0.36
297,yokadouma,0,CM,1577490843,38,3.52,15.05,69.15,2.68
298,iquitos,75,PE,1577490853,100,-3.75,-73.25,42.8,2.24
299,yerbogachen,98,RU,1577490863,97,61.28,108.01,-21.91,3.11
300,lebu,75,ET,1577490874,87,8.96,38.73,53.6,9.17
301,pevek,98,RU,1577490884,99,69.7,170.27,-21.66,8.19
302,ribeira brava,20,PT,1577490894,82,32.65,-17.07,68.0,8.05
303,muli,100,CN,1577490905,82,28.08,109.56,42.26,1.88
304,kavaratti,68,IN,1577490915,75,10.57,72.64,82.81,9.4
305,panambi,87,BR,1577490925,52,-28.29,-53.5,87.8,3.36
306,baykit,60,RU,1577490936,98,61.68,96.39,-31.14,1.34
307,east london,77,ZA,1577490946,61,-33.02,27.91,66.15,7.54
308,manokwari,89,ID,1577490956,85,-0.87,134.08,76.87,9.6
309,alberton,83,ZA,1577490967,64,-26.25,28.13,73.99,10.29
310,oksbol,50,DK,1577490977,92,55.63,8.29,28.99,3.36
311,itaberaba,77,BR,1577490987,66,-12.52,-40.31,73.81,7.74
312,dingzhou,0,CN,1577490998,67,38.51,115.0,21.2,2.24
313,port augusta,100,AU,1577491008,21,-32.49,137.76,91.99,3.0
314,port blair,3,IN,1577491018,75,11.67,92.75,79.3,9.46
315,hauge,50,NO,1577491029,92,59.25,10.99,27.0,4.7
316,riohacha,75,CO,1577491039,79,11.54,-72.91,84.2,10.29
317,lata,0,IN,1577491049,6,30.78,78.62,18.5,7.74
318,omsukchan,100,RU,1577491059,75,62.53,155.8,-8.16,2.48
319,quepos,75,CR,1577491070,73,9.43,-84.16,77.0,13.87
320,tilichiki,0,RU,1577491080,92,60.47,166.1,-21.51,9.6
321,paamiut,7,GL,1577491091,49,61.99,-49.67,20.03,2.48
322,le vauclin,64,MQ,1577491101,78,14.55,-60.84,78.8,3.36
323,lazurne,94,UA,1577491111,88,46.77,34.99,38.3,5.14
324,gornopravdinsk,100,RU,1577491121,90,60.06,69.92,-0.35,8.7
325,kailua,75,US,1577491132,69,21.39,-157.74,82.4,14.99
326,chokurdakh,98,RU,1577491142,93,70.62,147.9,-24.99,6.89
327,inuvik,90,CA,1577491152,67,68.36,-133.71,-20.2,4.43
328,narsaq,100,GL,1577491162,50,60.91,-46.05,28.4,3.94
329,rocha,44,UY,1577491173,85,-34.48,-54.34,72.64,7.38
330,gillette,29,US,1577491174,57,44.29,-105.5,32.0,1.99
331,nago,0,IT,1577491193,80,45.88,10.89,43.0,3.36
332,bilma,0,NE,1577491204,26,18.69,12.92,54.7,2.77
333,waitati,91,NZ,1577491214,53,-45.75,170.57,57.99,28.99
334,torbay,90,CA,1577491224,79,47.66,-52.73,26.01,8.05
335,mehran,40,IR,1577491235,54,33.12,46.17,37.4,2.24
336,miandoab,96,IR,1577491245,86,36.97,46.1,34.68,5.08
337,wana,0,PK,1577491256,22,32.31,69.59,32.36,5.97
338,okha,100,RU,1577491266,94,53.59,142.95,-2.97,24.79
339,caravelas,26,BR,1577491276,93,-17.73,-39.27,73.33,6.29
340,cairns,40,AU,1577491287,62,-16.92,145.77,87.01,11.41
341,nizhniy kuranakh,98,RU,1577491297,99,58.84,125.49,-28.91,0.49
342,storforshei,84,NO,1577491308,79,66.4,14.52,19.0,3.0
343,vilyuysk,79,RU,1577491318,97,63.75,121.63,-39.77,0.31
344,champerico,75,MX,1577491328,53,16.38,-93.6,77.0,17.22
345,imphal,37,IN,1577491339,95,24.8,93.94,42.71,2.37
346,palmetto,90,US,1577491349,93,33.52,-84.67,62.6,4.7
347,verdun,90,FR,1577491359,93,49.16,5.39,45.0,11.41
348,siocon,0,PH,1577491369,83,11.03,124.04,79.74,6.87
349,lafayette,90,US,1577491263,77,30.22,-92.02,70.0,8.57
350,kiama,0,AU,1577491390,51,-34.67,150.86,84.0,8.05
351,meulaboh,96,ID,1577491400,76,4.14,96.13,81.03,7.18
352,mont-dore,75,NC,1577491410,88,-22.23,166.53,81.0,12.75
353,husavik,0,CA,1577491421,84,50.56,-96.99,21.0,15.01
354,jasper,75,US,1577491351,93,33.83,-87.28,63.0,4.45
355,ust-maya,93,RU,1577491441,97,60.42,134.54,-29.16,1.39
356,nemuro,75,JP,1577491352,67,43.32,145.57,21.2,6.93
357,gumdag,66,TM,1577491462,51,39.2,54.59,50.67,3.89
358,maragogi,41,BR,1577491230,73,-9.01,-35.22,79.88,14.09
359,pangkalanbuun,99,ID,1577491482,88,-2.68,111.62,76.86,1.66
360,chanute,90,US,1577491493,65,37.68,-95.46,48.99,6.93
361,cancun,40,MX,1577491326,78,21.17,-86.85,77.0,3.36
362,srednekolymsk,96,RU,1577491513,91,67.46,153.71,-29.2,2.84
363,aden,49,YE,1577491422,72,12.79,45.03,73.47,1.99
364,labuhan,93,ID,1577491534,79,-2.54,115.51,79.63,1.41
365,kita,20,JP,1577491544,33,35.76,139.74,46.99,11.41
366,adrar,93,DZ,1577491384,35,27.87,-0.29,55.4,8.05
367,zabol,0,IR,1577491565,39,31.03,61.49,49.95,3.76
368,cabo san lucas,75,MX,1577491575,56,22.89,-109.91,71.6,9.17
369,dongsheng,91,CN,1577491586,63,29.72,112.52,45.43,4.81
370,kruisfontein,86,ZA,1577491596,89,-34.0,24.73,55.87,10.29
371,townsville,75,AU,1577491606,51,-19.26,146.82,86.0,12.75
372,ponta delgada,75,PT,1577491616,88,37.73,-25.67,66.2,24.16
373,itaituba,92,BR,1577491627,92,-4.26,-55.99,77.02,0.54
374,raudeberg,100,NO,1577491637,80,61.99,5.14,44.01,27.51
375,grindavik,75,IS,1577491647,100,63.84,-22.43,39.2,9.17
376,marfino,90,RU,1577491658,86,56.07,37.56,32.0,13.42
377,port-cartier,90,CA,1577491668,85,50.03,-66.88,19.99,8.05
378,lagoa,0,PT,1577491678,87,37.14,-8.45,61.0,2.24
379,general pico,49,AR,1577491689,62,-35.66,-63.75,82.53,6.08
380,mehamn,75,NO,1577491699,68,71.03,27.85,28.4,19.46
381,balabac,52,PH,1577491710,72,7.99,117.06,81.46,6.31
382,turayf,0,SA,1577491720,100,31.68,38.65,41.0,5.82
383,takoradi,0,GH,1577491731,72,4.89,-1.75,81.43,5.64
384,jesup,90,US,1577491741,88,31.61,-81.89,66.99,6.93
385,vaitape,97,PF,1577491751,78,-16.52,-151.75,79.65,20.78
386,karasburg,8,NA,1577491762,18,-28.01,18.75,71.49,6.53
387,yelets,100,RU,1577491772,71,52.61,38.49,30.33,6.17
388,patiya,0,BD,1577491783,97,22.3,91.98,55.11,2.68
389,medea,20,DZ,1577491793,100,36.27,2.77,44.6,2.24
390,san patricio,13,PY,1577491803,60,-26.98,-56.83,83.82,5.55
391,kahului,40,US,1577491815,69,20.89,-156.47,82.4,18.34
392,ashcroft,0,AU,1577491825,50,-33.91,150.9,91.0,16.11
393,aykhal,82,RU,1577491835,73,65.95,111.51,-34.6,3.0
394,benicarlo,0,ES,1577491846,64,40.42,0.43,39.99,5.01
395,collingwood,90,CA,1577491663,82,44.5,-80.22,37.4,9.17
396,show low,75,US,1577491866,92,34.25,-110.03,37.0,10.29
397,priupskiy,100,RU,1577491876,74,53.91,37.74,29.41,6.06
398,kaseda,20,JP,1577491887,64,31.42,130.32,32.0,4.7
399,xinqing,100,CN,1577491897,96,48.28,129.53,-4.76,0.87
400,mittagong,0,AU,1577491907,51,-34.45,150.45,84.99,8.05
401,guasdualito,70,VE,1577491918,82,7.24,-70.73,79.81,3.2
402,cherskiy,0,RU,1577491928,90,68.75,161.3,-21.12,9.71
403,arica,89,CL,1577491938,64,-18.48,-70.32,71.6,5.82
404,cimitarra,100,CO,1577491948,89,6.31,-73.95,78.35,1.95
405,kamenka,100,MD,1577491959,88,48.03,28.7,30.99,14.81
406,sola,100,TZ,1577491969,84,-3.17,33.8,64.87,3.22
407,pacasmayo,100,PE,1577491979,79,-7.4,-79.57,72.03,13.18
408,muskegon,90,US,1577491771,69,43.23,-86.25,36.0,6.93
409,virginia beach,75,US,1577491747,87,36.85,-75.98,55.99,8.75
410,comodoro rivadavia,75,AR,1577492011,24,-45.87,-67.48,78.8,28.86
411,lagos,0,NG,1577492021,94,6.46,3.39,78.8,2.24
412,cabedelo,40,BR,1577492031,74,-6.97,-34.84,80.6,11.41
413,teknaf,22,BD,1577492041,91,20.86,92.31,60.64,1.36
414,qaqortoq,100,GL,1577492052,63,60.72,-46.03,28.4,2.04
415,santa fe,0,AR,1577491828,73,-31.62,-60.7,90.0,7.0
416,komsomolskiy,100,RU,1577492072,98,67.55,63.78,-5.85,7.56
417,paraguari,75,PY,1577492083,69,-25.62,-57.15,82.4,3.36
418,havre,1,US,1577492093,47,48.55,-109.68,35.6,10.29
419,port macquarie,34,AU,1577492103,42,-31.43,152.91,82.0,12.75
420,atascocita,52,US,1577492113,93,30.0,-95.16,66.99,6.22
421,hervey bay,75,AU,1577492124,51,-25.3,152.85,84.0,17.22
422,stavern,82,NO,1577492134,100,59.0,10.03,27.0,3.36
423,morros,100,BR,1577492144,83,-2.87,-44.04,82.4,12.75
424,sangar,91,RU,1577492154,98,63.92,127.47,-37.68,1.45
425,dauphin,1,CA,1577492165,67,51.15,-100.04,23.0,17.22
426,port shepstone,98,ZA,1577492175,80,-30.74,30.45,62.22,7.31
427,shitanjing,72,CN,1577492186,34,39.23,106.34,21.09,2.1
428,ola,100,RU,1577492196,65,59.58,151.3,10.83,30.02
429,nouadhibou,0,MR,1577492207,40,20.93,-17.03,71.6,13.87
430,cockburn town,40,TC,1577492099,74,21.46,-71.14,78.8,12.75
431,la ligua,15,CL,1577492227,68,-32.45,-71.23,64.4,8.05
432,griffith,18,AU,1577492238,19,-34.29,146.06,100.0,17.22
433,vice,69,PE,1577492248,87,-5.42,-80.77,70.81,14.56
434,hailar,39,CN,1577492258,96,49.2,119.7,-18.47,5.55
435,beldanga,0,IN,1577492268,48,23.94,88.24,51.93,5.66
436,youhao,100,CN,1577492278,97,47.86,128.84,-5.15,0.29
437,beloha,0,MG,1577492289,71,-25.17,45.06,77.02,7.54
438,villa corzo,20,MX,1577492299,60,16.19,-93.27,73.4,17.22
439,jiwani,0,PK,1577492310,61,25.05,61.74,70.09,9.51
440,lang son,86,VN,1577492321,69,21.83,106.73,51.1,1.77
441,patacamaya,52,BO,1577492331,89,-17.23,-67.92,45.5,10.13
442,sungairaya,100,ID,1577492341,91,0.7,108.9,76.6,2.1
443,gwadar,0,PK,1577492352,48,25.12,62.33,71.64,6.13
444,luena,99,AO,1577492362,98,-11.78,19.91,63.55,4.12
445,rathangan,75,IE,1577492372,93,53.22,-6.99,51.01,3.36
446,muyezerskiy,95,RU,1577492382,98,63.93,31.65,11.75,5.37
447,deputatskiy,2,RU,1577492393,94,69.3,139.9,-34.98,0.43
448,beringovskiy,73,RU,1577492403,93,63.05,179.32,-15.59,20.92
449,spas,33,MK,1577492414,86,41.55,20.48,30.2,3.36
450,urengoy,100,RU,1577492424,96,65.96,78.37,-0.02,14.52
451,podgornoye,0,RU,1577492434,97,57.79,82.64,-20.36,3.49
452,ostrovnoy,80,RU,1577492445,95,68.05,39.51,12.09,7.11
453,sao felix do xingu,81,BR,1577492455,91,-6.64,-51.99,74.82,2.42
454,nome,40,US,1577492465,88,30.04,-94.42,69.01,4.7
455,buchanan,20,LR,1577492476,94,5.88,-10.05,77.0,2.26
456,atbasar,100,KZ,1577492486,88,51.81,68.36,16.2,13.65
457,uruzgan,0,AF,1577492496,19,32.93,66.63,31.1,5.12
458,roros,100,NO,1577492506,83,62.57,11.38,-5.8,9.04
459,jalu,96,LY,1577492517,52,29.03,21.55,58.75,2.08
460,tiarei,90,PF,1577492527,69,-17.53,-149.33,80.6,5.82
461,abha,32,SA,1577492537,87,18.22,42.5,55.4,0.78
462,shimoda,40,JP,1577492548,46,34.7,138.93,50.0,16.11
463,alyangula,40,AU,1577492558,63,-13.85,136.42,91.4,9.17
464,ancud,27,CL,1577492568,82,-41.87,-73.83,57.2,4.7
465,howard springs,20,AU,1577492579,66,-12.5,131.05,91.99,10.29
466,novopokrovka,90,UA,1577492590,100,49.84,36.56,37.4,2.24
467,micheweni,6,TZ,1577492601,83,-4.97,39.83,82.54,14.94
468,brae,100,GB,1577492613,93,60.4,-1.35,48.2,19.46
469,mao,40,DO,1577492623,83,19.55,-71.08,75.99,5.82
470,bonthe,0,SL,1577492633,84,7.53,-12.5,79.05,7.0
471,hot springs,90,US,1577492643,87,34.5,-93.06,62.01,8.05
472,villamontes,82,BO,1577492653,88,-21.26,-63.47,74.12,7.02
473,eenhana,100,NA,1577492664,61,-17.48,16.34,78.8,5.82
474,opuwo,100,NA,1577492674,70,-18.06,13.84,73.02,7.81
475,birao,60,CF,1577492684,15,10.3,22.78,63.75,11.05
476,vokhma,89,RU,1577492695,88,58.93,46.76,16.79,6.96
477,sitka,99,US,1577492705,97,37.17,-99.65,33.01,8.99
478,pangnirtung,20,CA,1577492715,84,66.15,-65.72,-0.4,2.77
479,tuensang,2,IN,1577492725,97,26.24,94.81,36.32,1.72
480,tautira,90,PF,1577492735,69,-17.73,-149.15,80.6,5.82
481,baherden,7,TM,1577492746,61,38.44,57.43,46.24,0.78
482,mantua,42,IT,1577492756,86,45.16,10.79,42.01,4.7
483,bismarck,1,US,1577492702,100,46.81,-100.78,24.01,11.41
484,banepa,20,NP,1577492777,93,27.63,85.52,35.6,3.36
485,sibu,75,MY,1577492787,94,2.29,111.83,77.0,2.24
486,bodden town,20,KY,1577492797,74,19.28,-81.25,82.4,6.93
487,las vegas,20,US,1577492664,34,36.17,-115.15,51.8,13.87
488,solton,0,RU,1577492818,96,52.84,86.48,-15.45,5.44
489,voyinka,90,UA,1577492828,84,45.87,33.99,38.43,4.99
490,sao filipe,0,CV,1577492838,71,14.9,-24.5,71.53,6.46
491,cayenne,75,GF,1577492677,83,4.94,-52.33,80.6,4.7
492,arman,100,RU,1577492859,64,59.7,150.17,15.85,24.29
493,gari,100,RU,1577492869,94,59.43,62.35,7.81,3.78
494,aguie,0,NE,1577492879,16,13.51,7.78,61.12,10.54
495,guntakal,81,IN,1577492890,81,15.16,77.38,69.26,9.6
496,dhanwar,0,IN,1577492900,57,24.42,85.98,45.99,4.59
497,lopatino,100,RU,1577492910,66,53.85,39.47,28.22,5.44
498,pampa,90,US,1577492920,100,35.54,-100.96,46.4,12.75
499,kolaras,0,IN,1577492931,45,25.22,77.61,43.74,4.9
500,aberdeen,90,US,1577492941,100,46.98,-123.82,46.99,2.68
501,rincon,64,PA,1577492951,88,8.46,-82.28,68.0,4.0
502,beaverlodge,20,CA,1577492961,63,55.21,-119.43,28.4,14.99
503,neuquen,67,AR,1577492972,17,-38.95,-68.06,82.4,9.17
504,hargeysa,80,SO,1577492982,74,9.56,44.06,58.98,11.21
505,sikonge,100,TZ,1577492992,97,-5.63,32.75,64.17,3.42
506,sinazongwe,93,ZM,1577493003,77,-17.26,27.46,75.94,3.49
507,leningradskiy,100,RU,1577492945,94,69.38,178.42,-12.93,13.51
508,chodavaram,21,IN,1577493023,93,17.44,81.78,66.25,0.81
509,hokitika,3,NZ,1577493033,64,-42.72,170.96,56.82,19.35
510,sangmelima,84,CM,1577493044,83,2.93,11.98,71.28,3.91
511,wajid,11,SO,1577493054,55,3.81,43.25,72.84,16.82
512,touros,20,BR,1577493054,78,-5.2,-35.46,78.8,9.17
513,vardo,1,US,1577493076,70,39.62,-77.74,53.01,4.7
514,cascais,0,PT,1577493086,81,38.7,-9.42,57.99,8.05
515,te anau,37,NZ,1577493027,66,-45.41,167.72,48.88,10.89
516,nishihara,20,JP,1577493106,39,35.74,139.53,51.01,10.29
517,mpanda,44,BI,1577493116,94,-3.17,29.4,57.16,1.41
518,vilhena,92,BR,1577493127,94,-12.74,-60.15,77.0,3.36
519,katobu,77,ID,1577493137,83,-4.94,122.53,82.17,4.16
520,lima,42,PE,1577493147,88,-12.06,-77.04,69.8,11.41
521,coquimbo,16,CL,1577492936,87,-29.95,-71.34,59.0,9.17
522,ixtapa,75,MX,1577492925,78,20.71,-105.21,77.0,8.05
523,praia da vitoria,75,PT,1577492953,88,38.73,-27.07,62.6,16.22
524,wolmirstedt,65,DE,1577493188,10,52.25,11.63,32.0,4.56
525,brody,100,UA,1577493199,95,50.08,25.14,29.79,16.08
526,yar-sale,65,RU,1577493209,96,66.83,70.83,-12.53,5.91
527,bowen,90,AU,1577493220,94,-20.01,148.25,84.0,9.17
528,jiblah,49,YE,1577493230,96,13.92,44.15,57.33,2.55
529,ahipara,29,NZ,1577493240,77,-35.17,173.16,75.99,4.0
530,amahai,68,ID,1577493250,73,-3.31,129.0,84.31,12.1
531,orlandia,100,BR,1577493260,73,-20.72,-47.89,77.0,3.36
532,ulaangom,100,MN,1577493270,91,49.98,92.07,-4.56,1.39
533,broome,59,GB,1577493282,93,52.47,1.45,46.0,3.36
534,port arthur,75,US,1577493292,94,29.9,-93.93,68.0,8.05
535,hammerfest,20,NO,1577493302,68,70.66,23.68,30.2,23.04
536,lesnoy,96,RU,1577493312,96,59.78,52.13,10.38,5.35
537,noyabrsk,100,RU,1577493124,90,63.2,75.45,-1.39,23.02
538,sungaipenuh,95,ID,1577493333,97,-2.08,101.38,64.36,2.1
539,basco,90,US,1577493343,70,40.33,-91.2,39.0,5.82
540,miramar,75,CR,1577493353,69,10.09,-84.73,75.2,11.41
541,mumford,0,GH,1577493364,82,5.26,-0.76,76.57,1.79
542,turochak,0,RU,1577493374,95,52.26,87.12,-7.8,2.82
543,svetlaya,0,RU,1577493384,65,46.54,138.33,8.28,7.54
544,dwarka,90,IN,1577493395,100,28.58,77.04,54.0,3.2
545,atar,0,MR,1577493405,12,20.52,-13.05,69.08,10.8
546,sorland,100,NO,1577493415,65,67.67,12.69,39.74,31.88
547,maningrida,63,AU,1577493425,67,-12.05,134.23,87.91,1.7
548,longyearbyen,75,NO,1577493436,79,78.22,15.63,19.4,5.82
549,enid,90,US,1577493156,100,36.4,-97.88,43.0,10.29
550,bubaque,0,GW,1577493456,63,11.28,-15.83,78.58,11.16
551,brindisi,9,IT,1577493467,50,40.63,17.94,51.8,16.11
552,kangaatsiaq,0,GL,1577493477,73,68.31,-53.46,14.02,6.93
553,homer,90,US,1577493487,56,59.64,-151.54,17.6,8.05
554,brus laguna,31,HN,1577493497,88,15.75,-84.48,71.15,3.74
555,vila velha,73,BR,1577493507,74,-3.71,-38.6,86.0,9.17
556,matadi,100,CD,1577493518,94,-5.83,13.46,74.34,2.91
557,pahrump,20,US,1577493474,42,36.21,-115.98,48.99,5.82
558,eureka,1,US,1577493319,76,40.8,-124.16,51.01,11.41
559,oranjemund,2,ZA,1577493549,86,-28.55,16.43,59.81,10.45
560,muswellbrook,0,AU,1577493560,33,-32.27,150.89,90.0,5.01
561,angoche,100,MZ,1577493570,88,-16.23,39.91,78.46,1.43
562,taft,1,PH,1577493580,77,11.9,125.42,81.19,12.93
563,nuuk,0,GL,1577493590,85,64.17,-51.74,12.2,4.7
564,kishi,0,NG,1577493601,27,9.08,3.85,72.82,3.15
